dataset_id,name,url,original_source,n_images,n_original_images,classes,produce_types,ripeness_labels,freshness_labels,spoilage_labels,license,license_verification,commercial_use,attribution_required,share_alike,known_restrictions,duplication_notes,image_resolution,capture_conditions,quality,suitability,planned_use,priority,license_evidence
fruits360_original,Fruits-360 (original size),https://github.com/fruits-360/fruits-360-original-size,Mihai Oltean / Horea Muresan (rotating-motor webcam videos),108595,unknown (few hundred physical fruits; one video per class),151,apple;banana;avocado;tomato;pear;peach;plum;kiwi;mango;pomegranate;grape;orange;mandarin;lemon;cucumber;pepper;watermelon;melon;other,"partial: class names only (e.g. 'Avocado ripe', 'Tomato not Ripened')",none,none,CC BY-SA 4.0,verified_primary,conditional_legal_review,yes,yes,Share-alike: legal review needed on whether trained weights are Adapted Material. Must not relicense redistributed images.,Same videos as fruits360_100 (use only ONE of the two). Frames of a rotating fruit => extreme near-duplication within class; official test split is from similar videos => leaky,variable (webcam frames),"White paper background, studio light, single fruit, background removed by flood-fill",high image quality / very low diversity,produce-ID auxiliary training only; never used for evaluation,train_aux,P2,"LICENSE file in cloned repo (CC BY-SA 4.0), git commit in data/raw/fruits360_original/.provenance.json; README fetched 2026-09-26"
fruits360_100,Fruits-360 (100x100),https://github.com/fruits-360/fruits-360-100x100,Same as fruits360_original,188989,unknown (derivative of same videos),266,same as fruits360_original plus nuts/seeds/mushrooms,partial via class names,none,none,CC BY-SA 4.0,verified_primary,conditional_legal_review,yes,yes,Same as fruits360_original,DERIVATIVE of fruits360_original (resized); do not merge both,100x100,Same as fruits360_original,low resolution,excluded in favour of original-size variant,exclude,-,GitHub README fetched 2026-09-26 (CC BY-SA 4.0)
grocery_store_klasson,Grocery Store Dataset (Klasson et al. WACV 2019),https://github.com/marcusklasson/GroceryStoreDataset,KTH (Marcus Klasson),5125,5125,81 fine / 42 coarse,apple;avocado;banana;kiwi;lemon;lime;mango;melon;nectarine;orange;papaya;peach;pear;pineapple;plum;pomegranate;cucumber;tomato;pepper;other (incl. packaged goods),none,none,none,MIT,verified_primary,yes,yes (MIT notice + cite paper),no,"Packaged items (milk, juice) must be filtered or used as negatives",Unknown overlap; check vs Open Images by hashing,smartphone (variable),"Real supermarkets, smartphone, clutter, multiple items, bags",real-world / small,HIGH: real-world produce ID + cross-dataset test,train+cross_dataset_test,P1,"LICENSE file in cloned repo (MIT, Copyright (c) 2019 Marcus Klasson), commit in .provenance.json"
fruitnet_indian,FruitNet: Indian fruits with quality (Good/Bad/Mixed),https://data.mendeley.com/datasets/b6fftwbr2v/3,Meshram & Patil (Data in Brief 2021),14700+ (reported),unknown - verify after download,6 fruits x Good/Bad/Mixed,apple;banana;guava;lime;orange;pomegranate,none,"Good -> fresh; Bad -> not fresh (declining OR spoiled, set-valued)",none,CC BY 4.0 (reported),reported_secondary,DO NOT USE COMMERCIALLY UNTIL VERIFIED,yes,no,'Mixed' folder contains good+bad fruit in one image -> not a single-object label,Unknown; check for burst/near-duplicate shots of same fruit,high-res phone,"Phone camera, varied backgrounds and lighting",real-world-ish / medium,HIGH for freshness once license confirmed,train+test (after sign-off),P1,search-engine snippet only; primary page blocked from build env - see docs/license-verification.md
fruq_db,FruQ-DB / FruitQ (fruit freshness from time-lapse),https://doi.org/10.5281/zenodo.7224690,Frames extracted from third-party YouTube time-lapse videos,5647,unknown (few videos per fruit),11 fruits x Good/Mild/Rotten,banana;cucumber;grape;persimmon;papaya;peach;pear;pepper;strawberry;tomato;watermelon,none,Good -> fresh; Mild -> declining; Rotten -> spoiled,Rotten -> mild|severe (set-valued),UNVERIFIED (Zenodo blocked from build env),unverified,DO NOT USE COMMERCIALLY UNTIL VERIFIED,unknown,unknown,Underlying frames come from YouTube videos whose copyright belongs to the uploaders; a dataset licence cannot grant rights the dataset author did not hold. HIGH RISK.,Consecutive frames of same video => group by video; possibly re-uploaded on Kaggle (sholzz/fruitq-dataset),224x224,Time-lapse studio-like setups,decent labels / low diversity,Research benchmark for 'declining' class only,research_only,P3,none - see docs/license-verification.md
hass_avocado_ripening,'Hass' Avocado Ripening Photographic Dataset,https://data.mendeley.com/datasets/3xd9n945v8/1,Univ. research group (see Mendeley record) - 478 avocados photographed daily,unknown - verify after download (478 fruits x 2 sides x N days),478 physical fruits,5-stage Ripening Index,avocado,1 Underripe->unripe; 2 Breaking->partially_ripe; 3 Ripe(1st)->ripe; 4 Ripe(2nd)->ripe; 5 Overripe->overripe,none (overripe != spoiled),none,CC BY 4.0 (reported),reported_secondary,DO NOT USE COMMERCIALLY UNTIL VERIFIED,yes,no,Hass only; Israeli market also sells green-skinned Ettinger/Pinkerton/Reed whose skin does not darken => ripeness cues do not transfer,Same fruit photographed every day => MUST group by sample number,DSLR (Canon EOS 60D),"Lightbox, matte white background, 5500K LED",excellent labels / studio only,HIGH for avocado ripeness (Hass) once license confirmed,train+test (after sign-off),P1,search-engine snippet only; primary page blocked from build env - see docs/license-verification.md
strawberry_avocado_ripening,Comprehensive dataset on ripening stages of strawberries and avocados,https://data.mendeley.com/datasets/zysvgmxcyz/1,Maharashtra farms and markets (Data in Brief 2025),14630,1333,4 stages x 2 fruits (+ bboxes),strawberry;avocado,unripe;partially_ripe;ripe,rotten -> spoiled,rotten -> mild|severe,CC BY (version not confirmed),reported_secondary,DO NOT USE COMMERCIALLY UNTIL VERIFIED,yes,no,"~91% of files are augmentations of 1,333 originals",AUGMENTED COPIES: keep originals only or group every augmented file with its original,unknown - verify,"Farm + market, handheld phone",medium,MEDIUM-HIGH for strawberry ripeness (originals only),train+test (after sign-off),P2,search-engine snippet only; primary page blocked from build env - see docs/license-verification.md
fresh_rotten_sriramr,Fruits fresh and rotten for classification (Kaggle),https://www.kaggle.com/datasets/sriramr/fruits-fresh-and-rotten-for-classification,Unknown (Kaggle upload; provenance undocumented),13599,unknown,6 (fresh/rotten x 3),apple;banana;orange,none,fresh;spoiled,rotten -> mild|severe,UNVERIFIED (Kaggle blocked from build env),unverified,DO NOT USE COMMERCIALLY UNTIL VERIFIED,unknown,unknown,Provenance of images undocumented,Known to contain rotated/flipped augmentations of the same photos; widely re-uploaded to other Kaggle datasets,variable,Mostly plain backgrounds,inflated benchmark scores in literature (leaky),EXCLUDE (provenance + augmentation leakage),exclude,-,none - see docs/license-verification.md
fresh_rotten_mendeley_bd,Fresh and Rotten Fruits Dataset for Machine-Based Evaluation of Fruit Quality,https://data.mendeley.com/datasets/bdd69gyhv8/1,Data in Brief 2022 (Bangladesh),unknown - verify (originals + augmented),unknown - verify,fresh/rotten x multiple fruits,apple;banana;grape;guava;orange;pomegranate;strawberry;other (verify),none,fresh;spoiled,rotten -> mild|severe,UNVERIFIED,unverified,DO NOT USE COMMERCIALLY UNTIL VERIFIED,unknown,unknown,-,Contains augmented copies (reported) -> group with originals,unknown,"Phone, varied backgrounds (reported)",unknown,CANDIDATE for freshness pending license + inspection,candidate,P2,none - see docs/license-verification.md
vegnet,VegNet: vegetable quality images,https://www.sciencedirect.com/science/article/pii/S2352340922008629,Data in Brief 2022,unknown - verify,unknown,quality classes per vegetable (verify),pepper;tomato;other (verify),"unripe/ripe (reported, verify)","old/damaged (reported, verify)",damaged (verify),UNVERIFIED,unverified,DO NOT USE COMMERCIALLY UNTIL VERIFIED,unknown,unknown,-,unknown,unknown,unknown,unknown,CANDIDATE for tomato/pepper pending license + inspection,candidate,P3,none - see docs/license-verification.md
xyz_veg_degradation,XYZ color data on the visual degradation of vegetables,https://www.sciencedirect.com/science/article/pii/S2352340919314350,Data in Brief 2020,not RGB photos (XYZ colorimetric CSV),20 samples (5 x 4 vegetables),hours-since-harvest,cabbage;carrot;strawberry;spinach,none,time series only,none,UNVERIFIED,unverified,DO NOT USE COMMERCIALLY UNTIL VERIFIED,unknown,unknown,Not camera images; only 5 samples per vegetable,-,1360x1024 equivalent,Controlled chamber,scientific / not photos,EXCLUDE from training; reference only for colour-drift research,exclude,-,none - see docs/license-verification.md
laboro_tomato,Laboro Tomato,https://github.com/laboroai/LaboroTomato,Laboro.AI Inc. (greenhouse),804 (from memory - verify),unknown - verify,fully ripened / half ripened / green (x big/small),tomato,green->unripe; half_ripened->partially_ripe; fully_ripened->ripe,none,none,CC BY-NC-SA 4.0,reported_secondary,no,yes,yes,NON-COMMERCIAL. Commercial use requires licence from Laboro.AI,-,high-res,On-vine greenhouse tomatoes (not consumer setting),good / wrong domain,EXCLUDE from commercial model; research benchmark only,research_only,-,search-engine snippet only; primary page blocked from build env - see docs/license-verification.md
ripen_banana,Ripen banana dataset (carbide vs natural ripening),https://www.ncbi.nlm.nih.gov/pmc/articles/PMC12151241/,Data in Brief 2025 (PMC12151241),unknown - verify,unknown,raw -> ripe stages x carbide/natural,banana,stages (verify mapping),none,none,UNVERIFIED,unverified,DO NOT USE COMMERCIALLY UNTIL VERIFIED,unknown,unknown,-,unknown,unknown,unknown,unknown,CANDIDATE for banana ripeness pending license + inspection,candidate,P2,none - see docs/license-verification.md
open_images_v7,Open Images V7 (produce classes subset),https://storage.googleapis.com/openimages/web/index.html,Google (Flickr images),~9M total; produce subset: see data/raw/open_images_v7/fetch_report.json,n/a,600 boxable classes (produce subset),apple;banana;orange;tomato;strawberry;grape;pear;peach;mango;pomegranate;watermelon;cucumber;lemon;grapefruit;pineapple;cantaloupe;pepper;other,none,none,none,Annotations CC BY 4.0; images listed as CC BY 2.0,verified_primary,conditional_per_image,yes (per-image author credit),no,Google makes no warranty on per-image licence; keep per-image licence/author metadata and drop images whose licence cannot be confirmed,May overlap with COCO/Flickr sources -> hash check,variable (real photos),"Real-world, cluttered, multiple objects",real-world / noisy labels,HIGH for detection/crop pre-stage + OOD negatives + real-world produce ID,train+ood,P1,"https://storage.googleapis.com/openimages/web/factsfigures_v7.html fetched 2026-09-26: annotations CC BY 4.0, images listed CC BY 2.0, no per-image warranty; per-image License column filtered by scripts/fetch_open_images.py"
coco_2017,COCO 2017 (banana/apple/orange/broccoli/carrot),https://cocodataset.org,Flickr images,~5k images with these classes,n/a,5 produce classes,banana;apple;orange;other,none,none,none,Annotations CC BY 4.0; images under mixed Flickr licences incl. NonCommercial,reported_secondary,no,yes,mixed,Mixed per-image licences incl. NC,Overlaps Flickr sources with Open Images,variable,Real-world,real-world,EXCLUDE from training; optional internal OOD/robustness eval only,research_only,-,search-engine snippet only; primary page blocked from build env - see docs/license-verification.md
imagenet_1k,ImageNet-1k (for reference / backbone pretraining),https://image-net.org,Web images,1.28M,n/a,1000,banana;orange;lemon;pomegranate;other,none,none,none,ImageNet terms of access (non-commercial research),reported_secondary,no,n/a,n/a,Direct use of images excluded. See licensing.md for pretrained-weights risk,-,variable,Web,-,EXCLUDE images; pretrained weights flagged for legal review,exclude,-,search-engine snippet only; primary page blocked from build env - see docs/license-verification.md
roboflow_universe,Roboflow Universe ripeness datasets (various),https://universe.roboflow.com,Community uploads,varies,varies,varies,varies,varies,varies,varies,varies per dataset,unverified,DO NOT USE COMMERCIALLY UNTIL VERIFIED,varies,varies,Uploaders often re-host third-party data (e.g. Laboro Tomato copies) under a different licence,Frequent copies of other datasets,varies,varies,varies,Case-by-case only; each needs its own registry row,exclude,-,none - see docs/license-verification.md
kaggle_leftin_ripeness,Fruit Ripeness: Unripe/Ripe/Rotten (Kaggle),https://www.kaggle.com/datasets/leftin/fruit-ripeness-unripe-ripe-and-rotten,Unknown,unknown,unknown,unripe/ripe/rotten,unknown - verify,unripe;ripe,rotten -> spoiled,unknown,UNVERIFIED,unverified,DO NOT USE COMMERCIALLY UNTIL VERIFIED,unknown,unknown,Provenance undocumented,Possible re-upload of other datasets,unknown,unknown,unknown,Inspect only,candidate,P3,none - see docs/license-verification.md
own_il_collection,Own Israeli real-world capture (to be collected),internal,Our team + consenting beta users,0 (planned 30k+),0,all target produce,all target produce,unripe;partially_ripe;ripe;overripe,fresh;declining;spoiled,none;mild;severe,Owned by company (contributor agreement required),verified_primary,yes,no,no,Requires signed contributor/consent agreements and privacy review (faces/hands/homes),Group by physical-fruit id,phone (multiple models),"Israeli kitchens, markets, supermarkets, day/night",to be controlled by labelling protocol,CRITICAL: primary real-world train + real-world test,train+real_world_test,P0,Company-owned; requires signed docs/legal/contributor-agreement-he.md per contributor
